{"accuracy": [0.7079877853393555, 0.8785119652748108, 0.9114161729812622, 0.9275766611099243, 0.9375488758087158, 0.9450885653495789, 0.951106071472168, 0.9549754858016968, 0.9588590860366821, 0.9621310234069824], "loss": [1.037017583847046, 0.3850291669368744, 0.27536025643348694, 0.22280684113502502, 0.19110676646232605, 0.16626177728176117, 0.14939160645008087, 0.13460466265678406, 0.12347672879695892, 0.11341813951730728], "val_accuracy": [0.9235715866088867, 0.9460505247116089, 0.9536194205284119, 0.9605622291564941, 0.9630662202835083, 0.965627133846283, 0.9672206044197083, 0.9688709378242493, 0.9710903763771057, 0.9707489013671875], "val_loss": [0.2603929340839386, 0.17468957602977753, 0.1419605165719986, 0.12332848459482193, 0.11250509321689606, 0.1044757217168808, 0.09880159795284271, 0.09314089268445969, 0.08962874859571457, 0.0866268128156662]}